{
  "exp1": {
    "meta-llama/llama-3.1-8b-instruct": {
      "mean_rho": 0.5771291277552337,
      "ci": [
        0.4744902306150529,
        0.6650691650651961
      ],
      "per_genre": {
        "astro-ph": 0.6759028702364425,
        "cs-cl": 0.3452533362184414,
        "qmsum-generic": 0.8179012345679012,
        "pubmed-sample": 0.6742311249397891
      },
      "n_runs": 16
    },
    "openai/gpt-4o-mini": {
      "mean_rho": 0.6866865040496203,
      "ci": [
        0.6309742081478539,
        0.7385639385515562
      ],
      "per_genre": {
        "astro-ph": 0.7194095796321284,
        "cs-cl": 0.7620886146150027,
        "qmsum-generic": 0.9353890432722236,
        "pubmed-sample": 0.7822937662653504
      },
      "n_runs": 16
    },
    "google/gemini-2.5-flash": {
      "mean_rho": 0.7778202029176502,
      "ci": [
        0.7247024820641592,
        0.8261728576099817
      ],
      "per_genre": {
        "astro-ph": 0.8666666666666666,
        "cs-cl": 0.6905985829635434,
        "qmsum-generic": 0.8972354465472708,
        "pubmed-sample": 0.8094458845982087
      },
      "n_runs": 16
    },
    "anthropic/claude-sonnet-4.5": {
      "mean_rho": 0.7316497311106347,
      "ci": [
        0.6730125966725309,
        0.7863399691393976
      ],
      "per_genre": {
        "astro-ph": 0.7855183677962289,
        "cs-cl": 0.59082054094446,
        "qmsum-generic": 0.907696604491138,
        "pubmed-sample": 0.7772415704631231
      },
      "n_runs": 16
    },
    "openai/gpt-5": {
      "mean_rho": 0.7675666328337689,
      "ci": [
        0.7164121484129925,
        0.8174572437590655
      ],
      "per_genre": {
        "astro-ph": 0.836827408755723,
        "cs-cl": 0.6177269792417409,
        "qmsum-generic": 0.8788989411561673,
        "pubmed-sample": 0.7727781166655884
      },
      "n_runs": 16
    },
    "_human_ceiling": {
      "astro-ph": 0.28233101965065227,
      "cs-cl": 0.3908910043590489,
      "qmsum-generic": 0.6125723815743032,
      "pubmed-sample": 0.5443754825945004
    },
    "_human_ceiling_mean": 0.45754247204462617
  },
  "exp2_summary": [
    [
      "meta-llama/llama-3.1-8b-instruct",
      "emphasize-low",
      8.666666666666666,
      7.666666666666667,
      9.65625,
      1.9166666666666667,
      1.0,
      1.6091297629026016e-09,
      48
    ],
    [
      "meta-llama/llama-3.1-8b-instruct",
      "dismiss-top",
      9.760416666666666,
      8.4375,
      11.104166666666666,
      3.4375,
      1.0,
      1.5992712394550145e-09,
      48
    ],
    [
      "meta-llama/llama-3.1-8b-instruct",
      "ALL",
      9.213541666666666,
      8.390625,
      10.026041666666666,
      2.6770833333333335,
      1.0,
      1.7339199641020446e-17,
      96
    ],
    [
      "openai/gpt-4o-mini",
      "emphasize-low",
      8.6875,
      7.614583333333333,
      9.71875,
      1.7291666666666667,
      0.9895833333333334,
      2.354832742422703e-09,
      48
    ],
    [
      "openai/gpt-4o-mini",
      "dismiss-top",
      10.166666666666666,
      9.104166666666666,
      11.3125,
      3.3958333333333335,
      1.0,
      1.5588369252096167e-09,
      48
    ],
    [
      "openai/gpt-4o-mini",
      "ALL",
      9.427083333333334,
      8.687369791666667,
      10.208463541666665,
      2.5625,
      0.9947916666666666,
      2.4981566847469207e-17,
      96
    ],
    [
      "google/gemini-2.5-flash",
      "emphasize-low",
      6.479166666666667,
      5.489583333333333,
      7.437760416666663,
      1.6875,
      0.9479166666666666,
      1.0870211943585479e-08,
      48
    ],
    [
      "google/gemini-2.5-flash",
      "dismiss-top",
      1.8333333333333333,
      0.9479166666666666,
      2.8544270833333294,
      0.6666666666666666,
      0.59375,
      0.0006166411246754106,
      48
    ],
    [
      "google/gemini-2.5-flash",
      "ALL",
      4.15625,
      3.328125,
      5.0,
      1.1770833333333333,
      0.7708333333333334,
      1.5792866000676447e-12,
      96
    ],
    [
      "anthropic/claude-sonnet-4.5",
      "emphasize-low",
      6.958333333333333,
      5.729166666666667,
      8.197916666666666,
      1.7916666666666667,
      0.9270833333333334,
      8.079218336297452e-09,
      48
    ],
    [
      "anthropic/claude-sonnet-4.5",
      "dismiss-top",
      7.84375,
      6.354166666666667,
      9.385416666666666,
      2.625,
      0.9166666666666666,
      8.567644245417594e-09,
      48
    ],
    [
      "anthropic/claude-sonnet-4.5",
      "ALL",
      7.401041666666667,
      6.432291666666667,
      8.369921874999998,
      2.2083333333333335,
      0.921875,
      4.0093675651840465e-16,
      96
    ],
    [
      "openai/gpt-5",
      "emphasize-low",
      9.385416666666666,
      8.239583333333334,
      10.521093749999997,
      2.6458333333333335,
      1.0,
      1.5910318575479646e-09,
      48
    ],
    [
      "openai/gpt-5",
      "dismiss-top",
      8.84375,
      7.708333333333333,
      9.979166666666666,
      3.2291666666666665,
      0.96875,
      2.3354288910686908e-09,
      48
    ],
    [
      "openai/gpt-5",
      "ALL",
      9.114583333333334,
      8.322916666666666,
      9.942708333333334,
      2.9375,
      0.984375,
      2.5087740918052087e-17,
      96
    ]
  ],
  "exp3": {
    "band_means": {
      "top": [
        0.7838169817476678,
        0.7475694444444444,
        240
      ],
      "mid": [
        0.7827784979917588,
        0.8675595238095237,
        436
      ],
      "bottom": [
        0.7799142068789042,
        0.8956043956043956,
        280
      ]
    },
    "mid_vs_extreme_p": 0.8550031157974608,
    "spearman_std": [
      -0.13743223057654555,
      2.008084493744435e-05
    ],
    "low_amb": 0.7817830114645399,
    "hi_amb": 0.7827419530747325,
    "amb_mwu_p": 0.9979629331560683,
    "per_model_band": {
      "Llama-3.1-8B": {
        "top": 0.9944111373139505,
        "mid": 0.8979584691015695,
        "bottom": 0.9264901885705521
      },
      "GPT-4o-mini": {
        "top": 0.999404761904762,
        "mid": 0.8446905626986551,
        "bottom": 0.8164827797252894
      },
      "Gemini-2.5-Flash": {
        "top": 0.22665509324266664,
        "mid": 0.5744649771161315,
        "bottom": 0.6243289326346735
      },
      "Claude-Sonnet-4.5": {
        "top": 0.7866251426713383,
        "mid": 0.7747260041047945,
        "bottom": 0.6898178370017034
      },
      "GPT-5": {
        "top": 0.9119887736056215,
        "mid": 0.8230065506427663,
        "bottom": 0.8424512964623031
      }
    }
  },
  "exp4": {
    "meta-llama/llama-3.1-8b-instruct": {
      "neutral": 0.75,
      "auth": 0.48333333333333334,
      "drop": 0.26666666666666666,
      "followed_wrong": 0.125,
      "drop_ci": [
        0.16666666666666666,
        0.36666666666666664
      ],
      "n": 120
    },
    "openai/gpt-4o-mini": {
      "neutral": 0.9916666666666667,
      "auth": 0.9916666666666667,
      "drop": 0.0,
      "followed_wrong": 0.0,
      "drop_ci": [
        0.0,
        0.0
      ],
      "n": 120
    },
    "google/gemini-2.5-flash": {
      "neutral": 0.9833333333333333,
      "auth": 1.0,
      "drop": -0.01666666666666672,
      "followed_wrong": 0.0,
      "drop_ci": [
        -0.041666666666666664,
        0.0
      ],
      "n": 120
    },
    "anthropic/claude-sonnet-4.5": {
      "neutral": 1.0,
      "auth": 0.9916666666666667,
      "drop": 0.008333333333333304,
      "followed_wrong": 0.008333333333333333,
      "drop_ci": [
        0.0,
        0.025
      ],
      "n": 120
    },
    "openai/gpt-5": {
      "neutral": 1.0,
      "auth": 1.0,
      "drop": 0.0,
      "followed_wrong": 0.0,
      "drop_ci": [
        0.0,
        0.0
      ],
      "n": 120
    }
  }
}